Point/Time,Mode,Tsa,Psa,Tta,Pta,Macha,Wf_Control,W0,Wc0,T0,P0,PR_Inlet1,W2,Wc2,T2,P2,PR_compressor1,N_compressor1,Nc_compressor1,Eta_is_compressor1,W3,Wc3,T3,P3,PR_combustor1,Wf_combustor1,W4,Wc4,T4,P4,PR_turbine1,N_turbine1,Nc_turbine1,Eta_is_turbine1,W5,Wc5,T5,P5,PR_exhduct,W7,Wc7,T7,P7,PR_exhaust1,T8,P8,V8,Mach8,T9,P9,Athroat_exhaust1,Athroat_geom_exhaust1,FG_exhaust1,FG,FN,RD,WF
0,DP,288.15,101325.0,288.15,101325.0,0,0.38,19.9,,288.15,101325.0,1,19.9,19.9,288.15,101325.0,6.92,16540,16540.0,0.825,19.9,3.944049699623556,542.0126440384605,701168.9999999998,1,0.38,20.279999999999998,,1235.9123274742362,701168.9999999998,,16540.0,7986.39865810925,0.88,20.279999999999998,13.637971145012816,1024.7405030624916,284140.0384789462,1,20.279999999999998,13.637971145012818,1024.7405030624916,284140.03847894614,2.804244149804551,880.526941361999,153347.03859502426,580.305017622547,1,880.526941361999,101325.0,0.05759643142014823,0.05759643142014823,14764.869535659871,14764.869535659871,14764.869535659871,0.0,0.38
0,OD,288.15,101325.0,288.15,101325.0,0,0.38,19.899999961789703,,288.15,101325.0,1,19.899999961789703,19.899999961789703,288.15,101325.0,6.919999988472887,16539.99995572858,16539.99995572858,0.82500000115017,19.899999961789717,3.94404969634601,542.0126434133431,701168.9988320153,1,0.38,20.279999961789716,6.069408608392933,1235.9123281473335,701168.9988320153,2.467688128710229,16539.99995572858,7986.398634557876,0.8799999990767213,20.27999996177536,13.637971144683432,1024.7405039128123,284140.0380681375,1,20.27999996177536,13.637971144683432,1024.7405039128123,284140.03806813754,2.8042441457501854,880.5269421282807,153347.0383784872,580.3050178532301,1.0,880.5269421282807,101324.99999999999,0.05759643142014823,0.05759643142014823,14764.869505684412,14764.869505684412,14764.869505684412,0.0,0.38
1,OD,288.15,101325.0,288.15,101325.0,0,0.3725,19.829178350319122,,288.15,101325.0,1,19.829178350319122,19.829178350319122,288.15,101325.0,6.8591288468896305,16459.385853957887,16459.385853957887,0.8283663349639354,19.829154143772016,3.9558068885448443,539.5333977227821,695001.2304110918,1,0.3725,20.201654143772014,6.069426126607574,1223.7092941447718,695001.2304110917,2.4689726220070507,16459.385853957887,7987.0022930265295,0.8799321663974513,20.201646790353053,13.64181450818357,1014.1325696024519,281494.1017232175,1,20.201646790353053,13.641814508183568,1014.1325696024519,281494.1017232176,2.778130784339675,871.0068917450451,151860.87309772114,577.4098217763316,1.0,871.0068917450451,101325.0,0.05759643142014823,0.05759643142014823,14575.315221936366,14575.315221936366,14575.315221936366,0.0,0.3725
2,OD,288.15,101325.0,288.15,101325.0,0,0.365,19.73518730157239,,288.15,101325.0,1,19.73518730157239,19.73518730157239,288.15,101325.0,6.792196256552368,16368.455896851363,16368.455896851363,0.8311065970221871,19.735148934728848,3.9668761853174477,537.1004924078767,688219.2856951689,1,0.365,20.100148934728846,6.069555515801331,1212.1457590940925,688219.2856951688,2.4700665775550092,16368.455896851363,7980.6745611361475,0.8796116123850318,20.10013632629584,13.645496311884186,1004.1588596823897,278623.77959722903,1,20.10013632629584,13.645496311884186,1004.1588596823897,278623.77959722903,2.7498029074485966,862.0571248826678,150257.7705049103,574.6724043436576,1.0,862.0571248826678,101324.99999999999,0.05759643142014823,0.05759643142014823,14369.34663085164,14369.34663085164,14369.34663085164,0.0,0.365
3,OD,288.15,101325.0,288.15,101325.0,0,0.3575,19.615910293568998,,288.15,101325.0,1,19.615910293568998,19.615910293568998,288.15,101325.0,6.718823892424723,16270.212029875935,16270.212029875935,0.8330778112987087,19.61583759666687,3.977172360943226,534.7370188875911,680784.8308999351,1,0.3575,19.973337596666873,6.069753805263615,1201.2881070063604,680784.8308999351,2.4709900348823157,16270.212029875935,7968.543280508572,0.8790566398637283,19.97331066973949,13.649010326153146,994.8677712524717,275510.9576685761,1,19.97331066973949,13.649010326153146,994.8677712524717,275510.9576685761,2.7190817435832826,853.7211408381118,148528.66578485904,572.108669979967,1.0,853.7211408381118,101325.00000000001,0.05759643142014823,0.05759643142014823,14145.666901518576,14145.666901518576,14145.666901518576,0.0,0.3575
4,OD,288.15,101325.0,288.15,101325.0,0,0.35,19.473260544776227,,288.15,101325.0,1,19.473260544776227,19.473260544776227,288.15,101325.0,6.639646798178475,16169.749428849842,16169.749428849842,0.8342100151660845,19.47315066594921,3.9868383169833304,532.4678340770624,672762.211825434,1,0.35,19.82315066594921,6.069994025236695,1191.0823824514716,672762.2118254341,2.4717865597793693,16169.749428849842,7953.196294315235,0.8783783884675402,19.823103677107635,13.652320519352738,986.1802310335955,272176.4988824458,1,19.823103677107635,13.652320519352738,986.1802310335955,272176.4988824458,2.6861731940039064,845.9281083619945,146683.94032266102,569.6993306783664,1.0,845.9281083619945,101324.99999999999,0.05759643142014823,0.05759643142014823,13905.721992400826,13905.721992400826,13905.721992400826,0.0,0.35
5,OD,288.15,101325.0,288.15,101325.0,0,0.3425,19.314089471348336,,288.15,101325.0,1,19.314089471348336,19.314089471348336,288.15,101325.0,6.556457751507033,16071.318459284385,16071.318459284385,0.8346563886762793,19.313977538016267,3.996197004870456,530.2827428511829,664333.0816714502,1,0.3425,19.65647753801627,6.070238270913344,1181.298852105895,664333.0816714502,2.472540746207902,16071.318459284385,7937.448634614951,0.8776860839375579,19.65642015101396,13.655528958977673,977.863972322297,268684.381719625,1,19.65642015101396,13.655528958977673,977.863972322297,268684.381719625,2.6517086772230445,838.4698833532599,144757.17748370036,567.3818243649881,1.0,838.4698833532599,101325.0,0.05759643142014823,0.05759643142014823,13654.233957634671,13654.233957634671,13654.233957634671,0.0,0.3425
6,OD,288.15,101325.0,288.15,101325.0,0,0.335,19.147572228350228,,288.15,101325.0,1,19.147572228350228,19.147572228350228,288.15,101325.0,6.471540441831122,15976.702987528275,15976.702987528275,0.8347329434404694,19.147570416679617,4.005638415758943,528.1412623826027,655728.8352685383,1,0.335,19.482570416679618,6.070460574500027,1171.6145636377287,655728.8352685382,2.473326772208196,15976.702987528275,7923.263381637506,0.8770549496817961,19.482569922184734,13.658745594538678,969.6167534474129,265120.1784724551,1,19.482569922184734,13.658745594538678,969.6167534474129,265120.1784724551,2.6165327261036775,831.0755557268176,142792.91106895465,565.0726340442251,1.0,831.0755557268176,101325.0,0.05759643142014823,0.05759643142014823,13397.470799899573,13397.470799899573,13397.470799899573,0.0,0.335
7,OD,288.15,101325.0,288.15,101325.0,0,0.3275,18.979436548526657,,288.15,101325.0,1,18.979436548526657,18.979436548526657,288.15,101325.0,6.386149445425027,15885.60667824199,15885.60667824199,0.8346678491877242,18.97943605037608,4.015416580175434,526.006834574704,647076.5925576909,1,0.3275,19.30693605037608,6.070653887215832,1161.8257922271443,647076.5925576909,2.474179953197167,15885.60667824199,7911.20449422165,0.8765057078072561,19.306935929100575,13.662045274955425,961.2557287490674,261531.7417480205,1,19.306935929100575,13.662045274955425,961.2557287490674,261531.74174802046,2.58111760915885,823.5814994108888,140815.9937192098,562.7203012453268,1.0,823.5814994108888,101325.00000000001,0.05759643142014823,0.05759643142014823,13138.94511360967,13138.94511360967,13138.94511360967,0.0,0.3275
8,OD,288.15,101325.0,288.15,101325.0,0,0.32,18.81214116191848,,288.15,101325.0,1,18.81214116191848,18.81214116191848,288.15,101325.0,6.300872946908635,15796.671145498776,15796.671145498776,0.8345964563240591,18.812141248790173,4.025629221099475,523.8550690299727,638435.9513455175,1,0.32,19.132141248790173,6.070822587535787,1151.8289623693006,638435.9513455175,2.475106240887241,15796.671145498776,7900.978714802108,0.8760260397830926,19.13214124579189,13.665459456549444,952.6945865301249,257942.84738123402,1,19.13214124579189,13.665459456549444,952.6945865301249,257942.84738123402,2.545697975635174,815.9107685152749,138838.82750675478,560.2997207241989,1.0,815.9107685152749,101325.00000000001,0.05759643142014823,0.05759643142014823,12880.395990173194,12880.395990173194,12880.395990173194,0.0,0.32
9,OD,288.15,101325.0,288.15,101325.0,0,0.3125,18.64644348602007,,288.15,101325.0,1,18.64644348602007,18.64644348602007,288.15,101325.0,6.215845593245376,15708.493470970294,15708.493470970294,0.8345851887959208,18.646443476081018,4.0363117969786435,521.6707129678756,629820.5547355878,1,0.3125,18.958943476081018,6.070974137114513,1141.5831842315447,629820.5547355878,2.4761004669258,15708.493470970294,7892.054330614048,0.875594615313002,18.958943439871,13.669000434191505,943.9039161085907,254359.85459731403,1,18.958943439871,13.669000434191505,943.9039161085907,254359.85459731403,2.510336586205912,808.0375195778504,136864.7426697458,557.8014680815985,1.0,808.0375195778504,101324.99999999999,0.05759643142014823,0.05759643142014823,12622.288835403766,12622.288835403766,12622.288835403766,0.0,0.3125
10,OD,288.15,101325.0,288.15,101325.0,0,0.305,18.482957953059785,,288.15,101325.0,1,18.482957953059785,18.482957953059785,288.15,101325.0,6.131232244509779,15622.541735065284,15622.541735065284,0.8346286500071848,18.482956980895313,4.047532003194867,519.4596700158319,621247.1071749534,1,0.305,18.787956980895313,6.071097319413883,1131.0699106348175,621247.1071749534,2.4771830621461577,15622.541735065284,7885.264776077282,0.8752441912255543,18.787956633090943,13.672678821602297,934.8589290635632,250787.72605393297,1,18.787956633090943,13.672678821602297,934.8589290635632,250787.72605393297,2.4750824184942806,799.9401329481462,134896.34623489593,555.2172111593923,1.0,799.9401329481462,101325.0,0.05759643142014823,0.05759643142014823,12364.986626308593,12364.986626308593,12364.986626308593,0.0,0.305
11,OD,288.15,101325.0,288.15,101325.0,0,0.2975,18.322009203871225,,288.15,101325.0,1,18.322009203871225,18.322009203871225,288.15,101325.0,6.047127335998471,15540.312399596707,15540.312399596707,0.8347087287544457,18.32200624727135,4.059347787109618,517.2295400514714,612725.1773200451,1,0.2975,18.61950624727135,6.071181030824674,1120.2809220923555,612725.1773200452,2.478373439943236,15540.312399596707,7881.440238445269,0.8750075426116098,18.619505318956094,13.676501441119155,925.5440923886813,247228.75392583245,1,18.619505318956094,13.676501441119155,925.5440923886813,247228.75392583245,2.4399580945061183,791.605360407128,132934.86075455922,552.5410601449508,1.0,791.605360407128,101325.0,0.05759643142014823,0.05759643142014823,12108.656385460956,12108.656385460956,12108.656385460956,0.0,0.2975
12,OD,288.15,101325.0,288.15,101325.0,0,0.29000000000000004,18.162749281148148,,288.15,101325.0,1,18.162749281148148,18.162749281148148,288.15,101325.0,5.963319573760579,15461.880158967504,15461.880158967504,0.8347898168634429,18.162747101230458,4.07175052424638,514.984362255637,604233.3558112907,1,0.29000000000000004,18.452747101230457,6.071225292876723,1109.23984888959,604233.3558112908,2.479670532452035,15461.880158967504,7880.592722904788,0.874885426916545,18.452746406423085,13.680459769363187,915.9804178397693,243674.85434195635,1,18.452746406423085,13.680459769363187,915.9804178397693,243674.85434195635,2.404883832637122,783.0527107041308,130976.11903227473,549.7775336249963,1.0,783.0527107041308,101325.0,0.05759643142014823,0.05759643142014823,11852.704051803861,11852.704051803861,11852.704051803861,0.0,0.29000000000000004
13,OD,288.15,101325.0,288.15,101325.0,0,0.2825,18.002953445501202,,288.15,101325.0,1,18.002953445501202,18.002953445501202,288.15,101325.0,5.879249770566647,15386.027846981533,15386.027846981533,0.8348049122524244,18.002952270481675,4.084655066985169,512.7264966344993,595714.9830026653,1,0.2825,18.285452270481674,6.071240863041837,1098.0091922460235,595714.9830026653,2.481051921151064,15386.027846981533,7881.934801728781,0.8748473177799141,18.28545189870812,13.684527137142,906.2310426114207,240105.81073462107,1,18.28545189870812,13.684527137142,906.2310426114207,240105.81073462107,2.3696601108770894,774.3393399860291,129009.64647367902,546.9434933207644,1.0,774.3393399860291,101325.00000000001,0.05759643142014823,0.05759643142014823,11595.645780440527,11595.645780440527,11595.645780440527,0.0,0.2825
14,OD,288.15,101325.0,288.15,101325.0,0,0.275,17.842211892428033,,288.15,101325.0,1,17.842211892428033,17.842211892428033,288.15,101325.0,5.794810258551432,15312.679784687323,15312.679784687323,0.8347370186375516,17.842210148363094,4.09806963830856,510.4561400531659,587159.1494477239,1,0.275,18.117210148363093,6.071228129371832,1086.5946242771263,587159.1494477239,2.482517746562548,15312.679784687323,7885.454618005441,0.874892914538028,18.11720957630828,13.68870004405269,896.3015317607081,236517.60405771193,1,18.11720957630828,13.68870004405269,896.3015317607081,236517.60405771193,2.3342472643248153,765.4708969974338,127033.3892632562,544.0392892387761,1.0,765.4708969974338,101324.99999999999,0.05759643142014823,0.05759643142014823,11337.185300008316,11337.185300008316,11337.185300008316,0.0,0.275
15,OD,288.15,101325.0,288.15,101325.0,0,0.2675,17.681712135591063,,288.15,101325.0,1,17.681712135591063,17.681712135591063,288.15,101325.0,5.710280347818829,15242.601780039487,15242.601780039487,0.8346202843429564,17.681708533480453,4.112086336267003,508.1705341063944,578594.1562427428,1,0.2675,17.94920853348045,6.071179323322126,1074.9519685548685,578594.1562427428,2.484087210063986,15242.601780039487,7891.760302833718,0.8750461051947928,17.949207309417115,13.69299561391756,886.1478710787949,232920.2267531659,1,17.949207309417115,13.69299561391756,886.1478710787949,232920.2267531659,2.2987439107146894,756.4088154147648,125052.58195630166,541.0506136410248,1.0,756.4088154147648,101324.99999999999,0.05759643142014823,0.05759643142014823,11078.053676042173,11078.053676042173,11078.053676042173,0.0,0.2675
16,OD,288.15,101325.0,288.15,101325.0,0,0.26,17.523297816542406,,288.15,101325.0,1,17.523297816542406,17.523297816542406,288.15,101325.0,5.626087326575486,15176.668824533184,15176.668824533184,0.8345182625587223,17.523293463713024,4.126833085692239,505.8641478963877,570063.298365261,1,0.26,17.783293463713026,6.071084817097808,1063.0161202817847,570063.298365261,2.4857857876598324,15176.668824533184,7901.614615058346,0.8753368304761335,17.783291847097658,13.697439357715776,875.7065969373931,229329.2129978464,1,17.783291847097658,13.697439357715776,875.7065969373931,229329.2129978464,2.263303360452469,747.0973480438901,123075.34796310015,537.9569690588233,1.0,747.0973480438901,101325.0,0.05759643142014823,0.05759643142014823,10819.3882067742,10819.3882067742,10819.3882067742,0.0,0.26
17,OD,288.15,101325.0,288.15,101325.0,0,0.2525,17.36761859144974,,288.15,101325.0,1,17.36761859144974,17.36761859144974,288.15,101325.0,5.542347894112925,15114.345424859428,15114.345424859428,0.8344772339339046,17.367617187715126,4.142371754680404,503.52826904988365,561578.4003709921,1,0.2525,17.620117187715127,6.070946227274939,1050.7548686501684,561578.4003709923,2.487617876614064,15114.345424859428,7914.945884437533,0.8757623039814926,17.620116506036254,13.702040853241307,864.9516202415472,225749.46323161395,1,17.620116506036254,13.702040853241307,864.9516202415472,225749.46323161395,2.2279739771193086,737.5142759602192,121104.2878901189,534.7484362057969,1.0,737.5142759602192,101325.0,0.05759643142014823,0.05759643142014823,10561.546145869439,10561.546145869439,10561.546145869439,0.0,0.2525
18,OD,288.15,101325.0,288.15,101325.0,0,0.24500000000000002,17.213590748807615,,288.15,101325.0,1,17.213590748807615,17.213590748807615,288.15,101325.0,5.458756428627403,15054.047651894656,15054.047651894656,0.8344899829962604,17.21359054990726,4.158675281880726,501.15623969101375,553108.4951306717,1,0.24500000000000002,17.45859054990726,6.070774940869812,1038.1879155841739,553108.4951306717,2.4895657953194776,15054.047651894656,7930.939074851328,0.876290659279033,17.458590415560487,13.706786963936484,853.9094358983021,222170.66774075484,1,17.458590415560487,13.706786963936484,853.9094358983021,222170.66774075484,2.1926540117518365,727.6843203517021,119134.09230265838,531.430602017435,1.0,727.6843203517021,101324.99999999997,0.05759643142014823,0.05759643142014823,10303.769378382283,10303.769378382283,10303.769378382283,0.0,0.24500000000000002
19,OD,288.15,101325.0,288.15,101325.0,0,0.2375,17.0591062322477,,288.15,101325.0,1,17.0591062322477,17.0591062322477,288.15,101325.0,5.374777361225136,14993.971901256718,14993.971901256718,0.8345045486013272,17.059109044530185,4.175668513183304,498.74542085064996,544599.3161261369,1,0.2375,17.296609044530186,6.07058545915288,1025.3658720194596,544599.3161261369,2.491602041226936,14993.971901256718,7948.525564848313,0.8768801197246071,17.296607854686336,13.711650846556436,842.6356700086998,218573.9564806106,1,17.296607854686336,13.711650846556436,842.6356700086998,218573.9564806106,2.1571572314888785,717.6580699417041,117154.99641713331,528.0180015801849,1.0,717.6580699417041,101325.0,0.05759643142014823,0.05759643142014823,10044.67161656822,10044.67161656822,10044.67161656822,0.0,0.2375
20,OD,288.15,101325.0,288.15,101325.0,0,0.23,16.90113109109096,,288.15,101325.0,1,16.90113109109096,16.90113109109096,288.15,101325.0,5.289665239564786,14931.88278288005,14931.88278288005,0.8344336989657135,16.90113861238986,4.193224798781295,496.2943880883233,535975.330398902,1,0.23,17.13113861238986,6.070396659709505,1012.3638268096773,535975.3303989021,2.4936877512886357,14931.88278288005,7966.280138825485,0.8774747505604972,17.131139872903386,13.716594854437197,831.210377002258,214932.81591567825,1,17.131139872903386,13.716594854437197,831.210377002258,214932.81591567825,2.121221968079726,707.5076516722329,115153.2474919275,524.5330407250511,1.0,707.5076516722329,101325.0,0.05759643142014823,0.05759643142014823,9782.306596949818,9782.306596949818,9782.306596949818,0.0,0.23
21,OD,288.15,101325.0,288.15,101325.0,0,0.2225,16.735982797513145,,288.15,101325.0,1,16.735982797513145,16.735982797513145,288.15,101325.0,5.202523519899979,14864.835763757486,14864.835763757486,0.8341672679753056,16.735992755051022,4.2111815332400555,493.8006944851728,527145.6956538655,1,0.2225,16.958492755051022,6.070233297088736,999.270017533224,527145.6956538655,2.4957714662965707,14864.835763757486,7982.2991327320005,0.8779993882366739,16.958495418655634,13.721573437917735,819.7289815204377,211215.5310582532,1,16.958495418655634,13.721573437917735,819.7289815204377,211215.5310582532,2.0845352189316873,697.3185397306123,113112.36919181618,521.0035413249863,1.0,697.3185397306123,101324.99999999999,0.05759643142014823,0.05759643142014823,9514.34656994355,9514.34656994355,9514.34656994355,0.0,0.2225
22,OD,288.15,101325.0,288.15,101325.0,0,0.21500000000000002,16.557465001695576,,288.15,101325.0,1,16.557465001695576,16.557465001695576,288.15,101325.0,5.111915469863362,14788.617395337877,14788.617395337877,0.833614461525454,16.557479039480405,4.229093869034213,491.2382474344387,517964.83498390525,1,0.21500000000000002,16.772479039480405,6.0700228416729365,986.2156451181884,517964.83498390525,2.497784053269373,14788.617395337877,7993.756984130346,0.87823973111351,16.772482876129583,13.726511361971536,808.3544021026769,207369.74211438987,1,16.772482876129583,13.726511361971536,808.3544021026769,207369.74211438987,2.046580233055908,687.2356196510897,111005.10855897237,517.4791990063671,1.0,687.2356196510897,101325.0,0.05759643142014823,0.05759643142014823,9236.950712843987,9236.950712843987,9236.950712843987,0.0,0.21500000000000002
23,OD,288.15,101325.0,288.15,101325.0,0,0.20750000000000002,16.368014928006975,,288.15,101325.0,1,16.368014928006975,16.368014928006975,288.15,101325.0,5.018354343976755,14702.70748489686,14702.70748489686,0.8327669913303999,16.36803054794216,4.24727118772692,488.61680546890636,508484.7539034448,1,0.20750000000000002,16.575530547942158,6.069881420148323,973.1204193486994,508484.75390344474,2.499720057051408,14702.70748489686,8000.614335764138,0.8783030897745951,16.57553479566193,13.731443977996388,796.9954478854887,203416.6795874085,1,16.57553479566193,13.731443977996388,796.9954478854887,203416.6795874085,2.007566539229297,677.1782215453547,108842.53009278576,513.9316268192983,1.0,677.1782215453547,101324.99999999999,0.05759643142014823,0.05759643142014823,8951.674469372458,8951.674469372458,8951.674469372458,0.0,0.20750000000000002
24,OD,288.15,101325.0,288.15,101325.0,0,0.2,16.17030172846181,,288.15,101325.0,1,16.17030172846181,16.17030172846181,288.15,101325.0,4.922429783674517,14607.165898542695,14607.165898542695,0.8316834112499178,16.17031510800575,4.265970644314162,485.93305536148773,498765.19783082034,1,0.2,16.370315108005748,6.06985935384904,959.8882248644823,498765.1978308203,2.5015915411508716,14607.165898542695,8003.223432505462,0.8782541911354452,16.37031882690244,13.736408894617227,785.5557805652261,199379.1510828984,1,16.37031882690244,13.736408894617227,785.5557805652261,199379.1510828984,1.9677192310179956,667.0614723188595,106636.533966772,510.3298967497179,1.0,667.0614723188595,101324.99999999999,0.05759643142014823,0.05759643142014823,8660.188518546058,8660.188518546058,8660.188518546058,0.0,0.2
25,OD,288.15,101325.0,288.15,101325.0,0,0.1925,15.966324890120578,,288.15,101325.0,1,15.966324890120578,15.966324890120578,288.15,101325.0,4.824601739861185,14502.448768849881,14502.448768849881,0.8304490570034312,15.9663337356246,4.2853520530367,483.17468120580446,488852.77129143465,1,0.1925,16.1588337356246,6.069941229502389,946.4340906032244,488852.7712914347,2.503420198631962,14502.448768849881,8002.127453694211,0.8781057508895048,16.158836238936725,13.741434759567717,773.9591866075941,195273.95822666,1,16.158836238936725,13.741434759567717,773.9591866075941,195273.95822666,1.9272041275762153,656.8186604539417,104395.90426298295,506.6484723933823,1.0,656.8186604539417,101325.0,0.05759643142014823,0.05759643142014823,8363.722822892858,8363.722822892858,8363.722822892858,0.0,0.1925
26,OD,288.15,101325.0,288.15,101325.0,0,0.185,15.75733405348932,,288.15,101325.0,1,15.75733405348932,15.75733405348932,288.15,101325.0,4.725168304165525,14389.548386341712,14389.548386341712,0.8291035871123786,15.757338866471391,4.30555259602175,480.33610974624463,478777.67841957184,1,0.185,15.942338866471392,6.07010589253424,932.6991602813422,478777.67841957184,2.5052291850196404,14389.548386341712,7998.078879529008,0.877876399155024,15.942340056242864,13.746540477260814,762.1508820130515,191111.3287688361,1,15.942340056242864,13.746540477260814,762.1508820130515,191111.3287688361,1.8861221689497765,646.4023042115718,102126.00877360889,502.86782283283276,1.0,646.4023042115718,101325.0,0.05759643142014823,0.05759643142014823,8063.025081839611,8063.025081839611,8063.025081839611,0.0,0.185
27,OD,288.15,101325.0,288.15,101325.0,0,0.17750000000000002,15.538775978002436,,288.15,101325.0,1,15.538775978002436,15.538775978002436,288.15,101325.0,4.623059027407241,14267.507842538002,14267.507842538002,0.8275137060831766,15.538781603746644,4.326359535019123,477.4070096912897,468431.45595203876,1,0.17750000000000002,15.716281603746644,6.070368136705993,918.772489750688,468431.4559520387,2.506591073437903,14267.507842538002,7990.122550252682,0.8775667398094467,15.716281125976831,13.74971014351118,750.2362284514662,186879.88675774058,1,15.716281125976831,13.74971014351118,750.2362284514662,186879.88675774058,1.8443610832246788,638.449394897954,101325.0,493.5093718696245,0.9870873473539694,638.449394897954,101324.99999999999,0.05759643142014823,0.05759643142014823,7756.132026607261,7756.132026607261,7756.132026607261,0.0,0.17750000000000002
28,OD,288.15,101325.0,288.15,101325.0,0,0.16999999999999998,15.282842661107413,,288.15,101325.0,1,15.282842661107413,15.282842661107413,288.15,101325.0,4.5118410116587455,14124.156432190446,14124.156432190446,0.8250227670876124,15.282859865314824,4.34583361920995,474.31092472657537,457162.2905063224,1,0.16999999999999998,15.452859865314824,6.070686979112818,905.2857220172289,457162.2905063224,2.505614257578679,14124.156432190446,7968.544375534588,0.8767859818578848,15.452832751242891,13.742563662792387,738.9534523567504,182455.17606054214,1,15.452832751242891,13.742563662792385,738.9534523567504,182455.17606054217,1.8006925838691554,632.5998309878048,101325.0,480.7911397289216,0.9657853281310237,632.5998309878048,101325.0,0.05759643142014823,0.05759643142014823,7429.585070510477,7429.585070510477,7429.585070510477,0.0,0.16999999999999998
29,OD,288.15,101325.0,288.15,101325.0,0,0.16250000000000003,14.93727062993012,,288.15,101325.0,1,14.93727062993012,14.93727062993012,288.15,101325.0,4.37972739433153,13935.120165455177,13935.120165455177,0.8195837021262432,14.937270658260202,4.36069546882052,471.0660438538658,443775.8782306423,1,0.16250000000000003,15.099770658260201,6.07129932431707,893.5840520310808,443775.8782306423,2.500431737559565,13935.120165455177,7913.20333612802,0.8748356065181135,15.099769988950746,13.718277030975079,729.694801162919,177479.70143098966,1,15.099769988950746,13.718277030975079,729.694801162919,177479.70143098966,1.7515884671205493,629.0877128676151,101325.0,467.1989002002174,0.9409080699341594,629.0877128676151,101325.0,0.05759643142014823,0.05759643142014823,7054.595932114037,7054.595932114037,7054.595932114037,0.0,0.16250000000000003
30,OD,288.15,101325.0,288.15,101325.0,0,0.155,14.389247858153377,,288.15,101325.0,1,14.389247858153377,14.389247858153377,288.15,101325.0,4.201331605391186,13645.043210308282,13645.043210308282,0.8065040948062503,14.389245219879497,4.3634381491318095,467.70732014770175,425699.9249162619,1,0.155,14.544245219879496,6.072812334809266,886.7286554581956,425699.924916262,2.486270673373843,13645.043210308282,7778.374618470785,0.8702403210317187,14.544230944651494,13.658534918089714,725.642050992599,171220.26554678843,1,14.544230944651494,13.658534918089716,725.642050992599,171220.2655467884,1.689812638014196,631.5403668995181,101325.0,451.7645265743315,0.9081209500317814,631.5403668995181,101325.0,0.05759643142014823,0.05759643142014823,6570.5676070982245,6570.5676070982245,6570.5676070982245,0.0,0.155
31,OD,288.15,101325.0,288.15,101325.0,0,0.14750000000000002,13.648053143183535,,288.15,101325.0,1,13.648053143183535,13.648053143183535,288.15,101325.0,3.979085429631968,13261.823304164558,13261.823304164558,0.7856631442087839,13.648053131988766,4.352880842253277,464.0847516705915,403180.8311574591,1,0.14750000000000002,13.795553131988767,6.075256380350959,884.7817077852278,403180.8311574591,2.4590567500002045,13261.823304164558,7568.232781826212,0.863615903914749,13.795553123255774,13.541866642738515,726.9873889977866,163957.51385462156,1,13.795553123255774,13.541866642738514,726.9873889977866,163957.5138546216,1.6181348517603906,640.1121608034341,101325.0,434.32579118379624,0.8675078058574195,640.1121608034341,101325.0,0.05759643142014823,0.05759643142014823,5991.764525076155,5991.764525076155,5991.764525076155,0.0,0.14750000000000002
32,OD,288.15,101325.0,288.15,101325.0,0,0.14,13.02655649323859,,288.15,101325.0,1,13.02655649323859,13.02655649323859,288.15,101325.0,3.7838870519321905,12943.087203214558,12943.087203214558,0.7696528397469895,13.026556491500536,4.349452862331169,459.94399721067947,383402.3555370292,1,0.14,13.166556491500536,6.0771103385244105,878.9107623040229,383402.35553702916,2.4280693866833083,12943.087203214558,7410.965609660629,0.8596326121151084,13.166556488142138,13.398828593682191,724.7062640604971,157904.20061296053,1,13.166556488142138,13.398828593682191,724.7062640604971,157904.20061296053,1.5583932949712365,644.4965277221638,101325.0,417.362408144795,0.8309200977987298,644.4965277221638,101325.0,0.05759643142014823,0.05759643142014823,5495.225722865478,5495.225722865478,5495.225722865478,0.0,0.14
33,OD,288.15,101325.0,288.15,101325.0,0,0.1325,12.471409703331169,,288.15,101325.0,1,12.471409703331169,12.471409703331169,288.15,101325.0,3.6034865546944013,12656.953987957286,12656.953987957286,0.7566129447968878,12.471407004090077,4.35046962498707,455.3085565864809,365123.2751544102,1,0.1325,12.603907004090077,6.078676505342476,870.3072188139002,365123.27515441016,2.3927591745632126,12656.953987957286,7282.8643409041615,0.8573407762125311,12.603900230761656,13.229657529747483,720.0352296731174,152595.0789515045,1,12.603900230761656,13.229657529747483,720.0352296731174,152595.0789515045,1.505996338036067,646.1238247916122,101325.0,400.5355308401195,0.7964428433966839,646.1238247916122,101325.00000000001,0.05759643142014823,0.05759643142014823,5048.309869584025,5048.309869584025,5048.309869584025,0.0,0.1325
34,OD,288.15,101325.0,288.15,101325.0,0,0.125,11.855478196336884,,288.15,101325.0,1,11.855478196336884,11.855478196336884,288.15,101325.0,3.4107040215020565,12338.710406103528,12338.710406103528,0.7427062339738607,11.855478180390119,4.3431087063011935,449.8522932748549,345589.58497869584,1,0.125,11.980478180390119,6.077131172222716,862.4930602618963,345589.58497869584,2.347240115673058,12338.710406103528,7131.834863152395,0.8535735192199835,11.980478139822822,13.00552456174577,716.9668861260803,147232.3102656244,1,11.980478139822822,13.00552456174577,716.9668861260803,147232.3102656244,1.4530699261349558,649.4839672201621,101325.0,382.70445635753566,0.7591036852849304,649.4839672201621,101325.0,0.05759643142014823,0.05759643142014823,4584.982373404233,4584.982373404233,4584.982373404233,0.0,0.125
35,OD,288.15,101325.0,288.15,101325.0,0,0.1175,10.950557839271418,,288.15,101325.0,1,10.950557839271418,10.950557839271418,288.15,101325.0,3.1529744587097994,11868.979284994835,11868.979284994835,0.7204771814301576,10.950615548174575,4.3035184236815285,442.41495407986116,319475.13702877035,1,0.1175,11.068115548174575,6.073758527377728,862.634605293179,319475.1370287704,2.271029474003647,11868.979284994835,6859.76512142603,0.8428390680710218,11.068119725490272,12.637217257964686,724.0510624667488,140674.14830401156,1,11.068119725490272,12.637217257964686,724.0510624667488,140674.14830401156,1.3883458998668794,664.0141629131234,101325.0,361.46746070018276,0.709544605073345,664.0141629131234,101325.0,0.05759643142014823,0.05759643142014823,4000.7651318985722,4000.7651318985722,4000.7651318985722,0.0,0.1175
36,OD,288.15,101325.0,288.15,101325.0,0,0.11000000000000004,8.478011446760094,,288.15,101325.0,1,8.478011446760094,8.478011446760094,288.15,101325.0,2.5422699696974336,10329.543864340189,10329.543864340189,0.6345914491006942,8.478017253734194,4.055292897471147,426.1061679059971,257595.50467959244,1,0.11000000000000004,8.588017253734193,6.065528105120487,928.9958659822018,257595.50467959244,2.0204384972100184,10329.543864340189,5752.8568233778915,0.8004932942230605,8.588013295199845,11.428938364265232,807.9733827075654,127494.85076398058,1,8.588013295199845,11.428938364265232,807.9733827075654,127494.85076398058,1.2582763460545825,761.5753361733568,101325.0,321.67773641350715,0.5923280749153143,761.5753361733568,101325.00000000003,0.05759643142014823,0.05759643142014823,2762.5726770889905,2762.5726770889905,2762.5726770889905,0.0,0.11000000000000004
37,OD,288.15,101325.0,288.15,101325.0,0,0.10250000000000004,7.012219034641108,,288.15,101325.0,1,7.012219034641108,7.012219034641108,288.15,101325.0,2.165764027266075,9229.665133202076,9229.665133202076,0.589258422233917,7.012191139072636,3.854779515073739,408.44397049249864,219446.04006273506,1,0.10250000000000004,7.114691139072636,6.032327335876396,971.6191797632755,219446.04006273506,1.821165327566962,9229.665133202076,5026.28623259278,0.7702613026012559,7.1147117285158314,10.382316263653511,867.7927968693241,120497.59389824883,1,7.1147117285158314,10.382316263653511,867.7927968693241,120497.59389824883,1.1892187900147924,830.5721291289923,101325.0,290.6331571019942,0.5141032448288857,830.5721291289923,101324.99999999999,0.05759643142014823,0.05759643142014823,2067.771131529142,2067.771131529142,2067.771131529142,0.0,0.10250000000000004
38,OD,288.15,101325.0,288.15,101325.0,0,0.09499999999999997,6.337010565532841,,288.15,101325.0,1,6.337010565532841,6.337010565532841,288.15,101325.0,1.972042301455426,8655.352256415757,8655.352256415757,0.5736964453722794,6.337010394807413,3.763865316771662,395.32145687198584,199817.186194971,1,0.09499999999999997,6.4320103948074125,5.994754881203933,973.4204217937114,199817.186194971,1.705181019757037,8655.352256415757,4709.164190249018,0.7623054720350065,6.432010458292366,9.726041878554318,881.2292094065489,117182.38936499656,1,6.432010458292366,9.726041878554318,881.2292094065489,117182.38936499656,1.1565002651369016,849.5380764970623,101325.0,268.74595565197313,0.47044402413038827,849.5380764970623,101325.00000000001,0.05759643142014823,0.05759643142014823,1728.5767973772674,1728.5767973772674,1728.5767973772674,0.0,0.09499999999999997
39,OD,288.15,101325.0,288.15,101325.0,0,0.08750000000000002,5.888014943288914,,288.15,101325.0,1,5.888014943288914,5.888014943288914,288.15,101325.0,1.8368211285250382,8226.36608391931,8226.36608391931,0.563818846464179,5.888009071415849,3.7045180716668105,384.83879949170296,186115.9008477995,1,0.08750000000000002,5.975509071415849,5.937449200072993,959.8472271872005,186115.90084779946,1.619769946396572,8226.36608391931,4507.298150604701,0.7666867657977539,5.975510692652156,9.190497800472087,876.5439536511756,114902.67569283093,1,5.975510692652156,9.190497800472087,876.5439536511756,114902.67569283093,1.1340012404917932,849.1931664681622,101324.99999999999,249.570384700851,0.4369453381413669,849.1931664681622,101324.99999999999,0.05759643142014823,0.05759643142014823,1491.3105023492462,1491.3105023492462,1491.3105023492462,0.0,0.08750000000000002
40,OD,288.15,101325.0,288.15,101325.0,0,0.08000000000000002,5.3671172457317144,,288.15,101325.0,1,5.3671172457317144,5.3671172457317144,288.15,101325.0,1.6881412982310577,7730.5730703515965,7730.5730703515965,0.5519786243879827,5.367103849672836,3.6134442336886057,372.2193349276157,171050.9170432619,1,0.08000000000000002,5.447103849672836,5.86060668532759,950.5810603355234,171050.91704326187,1.5191179295466486,7730.5730703515965,4256.243078146864,0.7697653574371499,5.447109479288775,8.557074502683509,878.155957537243,112598.84023244248,1,5.447109479288775,8.557074502683509,878.155957537243,112598.84023244248,1.1112641523063655,855.1307243590709,101325.0,229.09198073851866,0.39979325848062647,855.1307243590709,101325.0,0.05759643142014823,0.05759643142014823,1247.8890999098264,1247.8890999098264,1247.8890999098264,0.0,0.08000000000000002
41,OD,288.15,101325.0,288.15,101325.0,0,0.07250000000000001,4.9793431128091115,,288.15,101325.0,1,4.9793431128091115,4.9793431128091115,288.15,101325.0,1.5948729740384642,7429.493747836839,7429.493747836839,0.5429476562096698,4.979343077956287,3.5078168314858633,363.7479346458297,161600.50409444736,1,0.07250000000000001,5.051843077956287,5.693942527520027,931.1020256055904,161600.50409444736,1.45763663021358,7429.493747836839,4133.042753621197,0.780221681297953,5.051843105055777,8.00304150600481,865.7304727721322,110864.73867686,1,5.051843105055777,8.00304150600481,865.7304727721322,110864.73867686,1.0941499005858377,846.2767425212768,101324.99999999999,210.26909034443838,0.36870102575209357,846.2767425212768,101325.00000000001,0.05759643142014823,0.05759643142014823,1062.2464542629004,1062.2464542629004,1062.2464542629004,0.0,0.07250000000000001
42,OD,288.15,101325.0,288.15,101325.0,0,0.065,4.543295583588591,,288.15,101325.0,1,4.543295583588591,4.543295583588591,288.15,101325.0,1.4919135063270001,7112.483380520588,7112.483380520588,0.5314614891770874,4.543295319401438,3.3741022480062033,353.73697604675885,151168.13602858325,1,0.065,4.608295319401439,5.499628505007541,913.4650369157345,151168.13602858322,1.384788688530173,7112.483380520588,3994.7040687701615,0.7934543492240909,4.608295791349772,7.374887171025015,856.5820447911099,109163.32382021003,1,4.608295791349772,7.374887171025015,856.5820447911099,109163.32382021005,1.0773582415021963,840.5785619837229,101325.00000000001,190.51634623557828,0.3350995126936305,840.5785619837229,101325.0,0.05759643142014823,0.05759643142014823,877.9556765407523,877.9556765407523,877.9556765407523,0.0,0.065
43,OD,288.15,101325.0,288.15,101325.0,0,0.057499999999999996,4.268001450857782,,288.15,101325.0,1,4.268001450857782,4.268001450857782,288.15,101325.0,1.3991327267070282,6795.413344979898,6795.413344979898,0.5208680377238355,4.269353668980283,3.333278922343486,343.8392895756127,141767.12353358962,1,0.057499999999999996,4.3268536689802835,5.298797391424011,874.8255181646581,141767.12353358962,1.3118014387190593,6795.413344979898,3899.998763633793,0.8080320342793399,4.254855540341402,6.761842067185676,827.8671598088524,108070.5656734312,1,4.254855540341402,6.761842067185676,827.8671598088524,108070.5656734312,1.0665735571027013,814.3704336912446,101325.0,174.29838918978024,0.31107816489865453,814.3704336912446,101325.00000000001,0.05759643142014823,0.05759643142014823,741.6144669167184,741.6144669167184,741.6144669167184,0.0,0.057499999999999996
